{
  "params": {
    "r": 0.02,
    "mu": 0.08,
    "sigma": 0.02,
    "gamma": 2.0,
    "rho": 0.08
  },
  "policy": {
    "pi": 0.75,
    "kappa": 0.06125
  },
  "train_cfg": {
    "seed": 0,
    "batch_size": 2048,
    "num_steps": 12000,
    "learning_rate": 0.002,
    "dt": 0.25,
    "wealth_min": 0.3,
    "wealth_max": 3.0,
    "eval_points": 200,
    "beta": 0.5,
    "device": "cpu",
    "log_every": 100
  },
  "loss": "td",
  "mae": 150.169953465562,
  "rmse": 217.65062025804474,
  "mape": 0.40944248808505695,
  "v_w_mae": 461.60768183668466,
  "v_w_norm": 18.852556228637695,
  "v_w_norm_true": 722.0938138314411,
  "hjb_rmse": 18.450089951697574,
  "dtd_noise_floor": 0.09420913596782039
}