{
  "params": {
    "r": 0.02,
    "mu": 0.08,
    "sigma": 0.2,
    "gamma": 2.0,
    "rho": 0.08
  },
  "policy": {
    "pi": 0.75,
    "kappa": 0.06125
  },
  "train_cfg": {
    "seed": 0,
    "batch_size": 2048,
    "num_steps": 12000,
    "learning_rate": 0.002,
    "dt": 0.003968253968253968,
    "wealth_min": 0.3,
    "wealth_max": 3.0,
    "eval_points": 200,
    "beta": 0.5,
    "device": "cpu",
    "log_every": 100
  },
  "loss": "td",
  "mae": 33.6239212842811,
  "rmse": 63.07400872967105,
  "mape": 0.06923902174870632,
  "v_w_mae": 236.41397843473854,
  "v_w_norm": 601.6137084960938,
  "v_w_norm_true": 984.7001763309571,
  "hjb_rmse": 8.267502800851565,
  "dtd_noise_floor": 7.371860156204263
}