{
  "params": {
    "r": 0.02,
    "mu": 0.08,
    "sigma": 0.02,
    "gamma": 2.0,
    "rho": 0.08
  },
  "policy": {
    "pi": 0.75,
    "kappa": 0.06125
  },
  "train_cfg": {
    "seed": 0,
    "batch_size": 2048,
    "num_steps": 12000,
    "learning_rate": 0.002,
    "dt": 0.003968253968253968,
    "wealth_min": 0.3,
    "wealth_max": 3.0,
    "eval_points": 200,
    "beta": 0.5,
    "device": "cpu",
    "log_every": 100
  },
  "loss": "td",
  "mae": 4.911419229716856,
  "rmse": 7.500774655593445,
  "mape": 0.01964680253605251,
  "v_w_mae": 99.2921125511733,
  "v_w_norm": 608.8655395507812,
  "v_w_norm_true": 722.0938138314411,
  "hjb_rmse": 0.7769298672436515,
  "dtd_noise_floor": 0.0686141314207236
}