{
  "params": {
    "r": 0.02,
    "mu": 0.08,
    "sigma": 0.2,
    "gamma": 2.0,
    "rho": 0.08
  },
  "policy": {
    "pi": 0.75,
    "kappa": 0.06125
  },
  "train_cfg": {
    "seed": 0,
    "batch_size": 2048,
    "num_steps": 10000,
    "learning_rate": 0.001,
    "dt": 0.003968253968253968,
    "wealth_min": 1.0,
    "wealth_max": 1.4,
    "eval_points": 200,
    "beta": 0.5,
    "device": "cpu",
    "log_every": 100
  },
  "loss": "beta_dtd",
  "mae": 7.19783314355345,
  "rmse": 8.338159371939804,
  "mape": 0.03166917039351181,
  "v_w_mae": 71.63588971556256,
  "v_w_norm": 125.90394592285156,
  "v_w_norm_true": 197.68263244191684,
  "hjb_rmse": 1.657877223004927,
  "dtd_noise_floor": 1.8423305660547573
}