{
  "params": {
    "r": 0.02,
    "mu": 0.08,
    "sigma": 0.02,
    "gamma": 2.0,
    "rho": 0.08
  },
  "policy": {
    "pi": 0.75,
    "kappa": 0.06125
  },
  "train_cfg": {
    "seed": 0,
    "batch_size": 2048,
    "num_steps": 12000,
    "learning_rate": 0.002,
    "dt": 0.25,
    "wealth_min": 0.3,
    "wealth_max": 3.0,
    "eval_points": 200,
    "beta": 0.5,
    "device": "cpu",
    "log_every": 100
  },
  "loss": "dtd",
  "mae": 217.49175350910576,
  "rmse": 261.411128623725,
  "mape": 0.8443488835704344,
  "v_w_mae": 443.67839249814307,
  "v_w_norm": 38.62058639526367,
  "v_w_norm_true": 722.0938138314411,
  "hjb_rmse": 21.919200171014072,
  "dtd_noise_floor": 0.047574207619639125
}