{
  "params": {
    "r": 0.02,
    "mu": 0.08,
    "sigma": 0.1,
    "gamma": 2.0,
    "rho": 0.08
  },
  "policy": {
    "pi": 0.75,
    "kappa": 0.06125
  },
  "train_cfg": {
    "seed": 0,
    "batch_size": 2048,
    "num_steps": 12000,
    "learning_rate": 0.002,
    "dt": 0.003968253968253968,
    "wealth_min": 0.3,
    "wealth_max": 3.0,
    "eval_points": 200,
    "beta": 0.5,
    "device": "cpu",
    "log_every": 100
  },
  "loss": "dtd",
  "mae": 269.1080053187299,
  "rmse": 320.9410371724872,
  "mape": 0.9790913795477019,
  "v_w_mae": 502.55275936169653,
  "v_w_norm": 0.0156002352014184,
  "v_w_norm_true": 772.0049382434704,
  "hjb_rmse": 25.067596320030752,
  "dtd_noise_floor": 5.626268909643077e-09
}