{
  "params": {
    "r": 0.02,
    "mu": 0.08,
    "sigma": 0.2,
    "gamma": 2.0,
    "rho": 0.08
  },
  "policy": {
    "pi": 0.75,
    "kappa": 0.06125
  },
  "train_cfg": {
    "seed": 0,
    "batch_size": 2048,
    "num_steps": 12000,
    "learning_rate": 0.002,
    "dt": 0.003968253968253968,
    "wealth_min": 0.3,
    "wealth_max": 3.0,
    "eval_points": 200,
    "beta": 0.9,
    "device": "cpu",
    "log_every": 100
  },
  "loss": "beta_dtd",
  "mae": 175.61754270112863,
  "rmse": 192.82032055293973,
  "mape": 0.955095936844696,
  "v_w_mae": 428.11737633588245,
  "v_w_norm": 297.9092102050781,
  "v_w_norm_true": 984.7001763309571,
  "hjb_rmse": 17.427200840626178,
  "dtd_noise_floor": 1.8209614417238558
}