{
  "params": {
    "r": 0.02,
    "mu": 0.08,
    "sigma": 0.2,
    "gamma": 2.0,
    "rho": 0.08
  },
  "policy": {
    "pi": 0.75,
    "kappa": 0.06125
  },
  "train_cfg": {
    "seed": 0,
    "batch_size": 2048,
    "num_steps": 12000,
    "learning_rate": 0.002,
    "dt": 0.003968253968253968,
    "wealth_min": 0.3,
    "wealth_max": 3.0,
    "eval_points": 200,
    "beta": 0.5,
    "device": "cpu",
    "log_every": 100
  },
  "loss": "rl_pinn",
  "mae": 263.4149393703896,
  "rmse": 345.1871259410399,
  "mape": 0.6271281848024782,
  "v_w_mae": 641.1295232199177,
  "v_w_norm": 0.3429991900920868,
  "v_w_norm_true": 984.7001763309571,
  "hjb_rmse": 19.951636245208494,
  "dtd_noise_floor": 1.0671034458628344e-06
}