{
  "params": {
    "r": 0.02,
    "mu": 0.08,
    "sigma": 0.05,
    "gamma": 2.0,
    "rho": 0.08
  },
  "policy": {
    "pi": 0.75,
    "kappa": 0.06125
  },
  "train_cfg": {
    "seed": 0,
    "batch_size": 2048,
    "num_steps": 12000,
    "learning_rate": 0.002,
    "dt": 0.003968253968253968,
    "wealth_min": 0.3,
    "wealth_max": 3.0,
    "eval_points": 200,
    "beta": 0.5,
    "device": "cpu",
    "log_every": 100
  },
  "loss": "dtd",
  "mae": 256.7935975333952,
  "rmse": 305.6685312461303,
  "mape": 0.9882789273196583,
  "v_w_mae": 476.56501561432,
  "v_w_norm": 0.285327285528183,
  "v_w_norm_true": 732.4525030772962,
  "hjb_rmse": 25.17360569703994,
  "dtd_noise_floor": 2.1940594498480728e-07
}