{
  "params": {
    "r": 0.02,
    "mu": 0.08,
    "sigma": 0.2,
    "gamma": 2.0,
    "rho": 0.08
  },
  "policy": {
    "pi": 0.75,
    "kappa": 0.06125
  },
  "train_cfg": {
    "seed": 0,
    "batch_size": 2048,
    "num_steps": 10000,
    "learning_rate": 0.001,
    "dt": 0.003968253968253968,
    "wealth_min": 1.0,
    "wealth_max": 1.4,
    "eval_points": 200,
    "beta": 0.5,
    "device": "cpu",
    "log_every": 100
  },
  "critic": "vanilla_mlp",
  "loss": "beta_dtd",
  "mae": 53.04597133530504,
  "rmse": 57.45599011323593,
  "mape": 0.2270241192225961
}