{
  "params": {
    "r": 0.02,
    "mu": 0.08,
    "sigma": 0.001,
    "gamma": 2.0,
    "rho": 0.08
  },
  "policy": {
    "pi": 0.75,
    "kappa": 0.06125
  },
  "train_cfg": {
    "seed": 0,
    "batch_size": 2048,
    "num_steps": 12000,
    "learning_rate": 0.002,
    "dt": 1.0,
    "wealth_min": 0.3,
    "wealth_max": 3.0,
    "eval_points": 200,
    "beta": 0.5,
    "device": "cpu",
    "log_every": 100
  },
  "loss": "td",
  "mae": 10.695061427431467,
  "rmse": 12.595317242706189,
  "mape": 0.04323543464715497,
  "v_w_mae": 48.05214345062427,
  "v_w_norm": 737.051025390625,
  "v_w_norm_true": 720.1586971885167,
  "hjb_rmse": 1.0501572738414529,
  "dtd_noise_floor": 0.0549526710368017
}