{
  "params": {
    "r": 0.02,
    "mu": 0.08,
    "sigma": 0.02,
    "gamma": 2.0,
    "rho": 0.08
  },
  "policy": {
    "pi": 0.75,
    "kappa": 0.06125
  },
  "train_cfg": {
    "seed": 0,
    "batch_size": 2048,
    "num_steps": 12000,
    "learning_rate": 0.002,
    "dt": 0.25,
    "wealth_min": 0.3,
    "wealth_max": 3.0,
    "eval_points": 200,
    "beta": 0.5,
    "device": "cpu",
    "log_every": 100
  },
  "loss": "dtd",
  "mae": 258.0369816660002,
  "rmse": 280.07377392269905,
  "mape": 1.202341237544876,
  "v_w_mae": 330.2603327557577,
  "v_w_norm": 203.3101348876953,
  "v_w_norm_true": 722.0938138314411,
  "hjb_rmse": 23.116568712182495,
  "dtd_noise_floor": 0.49998226167702114
}