{
  "params": {
    "r": 0.02,
    "mu": 0.08,
    "sigma": 0.2,
    "gamma": 2.0,
    "rho": 0.08
  },
  "policy": {
    "pi": 0.75,
    "kappa": 0.06125
  },
  "train_cfg": {
    "seed": 0,
    "batch_size": 2048,
    "num_steps": 20000,
    "learning_rate": 0.0003,
    "dt": 0.003968253968253968,
    "wealth_min": 0.3,
    "wealth_max": 3.0,
    "eval_points": 200,
    "beta": 0.5,
    "device": "cpu",
    "log_every": 100
  },
  "loss": "td",
  "mae": 88.43261140329194,
  "rmse": 149.53171390071356,
  "mape": 0.16113901411578666,
  "v_w_mae": 481.2173054784149,
  "v_w_norm": 198.1403350830078,
  "v_w_norm_true": 984.7001763309571,
  "hjb_rmse": 5.177903408001709,
  "dtd_noise_floor": 2.1986144558170913
}