{
  "params": {
    "r": 0.02,
    "mu": 0.08,
    "sigma": 0.2,
    "gamma": 0.5,
    "rho": 0.08
  },
  "policy": {
    "pi": 0.75,
    "kappa": 0.1
  },
  "train_cfg": {
    "seed": 0,
    "batch_size": 1024,
    "num_steps": 10000,
    "learning_rate": 0.001,
    "dt": 0.003968253968253968,
    "wealth_min": 0.3,
    "wealth_max": 3.0,
    "eval_points": 200,
    "beta": 0.5,
    "device": "cpu",
    "log_every": 100
  },
  "loss": "beta_dtd",
  "mae": 0.8914145381799712,
  "rmse": 1.0642621410071793,
  "mape": 0.12464284880366326,
  "v_w_mae": 0.6358624638054914,
  "v_w_norm": 3.0519165992736816,
  "v_w_norm_true": 3.6019835644956952,
  "hjb_rmse": 0.13127679992312535,
  "dtd_noise_floor": 0.0005907595341347961
}