{
  "params": {
    "r": 0.02,
    "mu": 0.08,
    "sigma": 0.2,
    "gamma": 2.0,
    "rho": 0.08
  },
  "policy": {
    "pi": 0.75,
    "kappa": 0.06125
  },
  "train_cfg": {
    "seed": 0,
    "batch_size": 2048,
    "num_steps": 12000,
    "learning_rate": 0.002,
    "dt": 0.003968253968253968,
    "wealth_min": 0.3,
    "wealth_max": 3.0,
    "eval_points": 200,
    "beta": 0.9,
    "device": "cpu",
    "log_every": 100
  },
  "loss": "beta_dtd",
  "mae": 158.24125104369014,
  "rmse": 211.65395889298767,
  "mape": 0.516996554681613,
  "v_w_mae": 596.9390581661075,
  "v_w_norm": 52.911048889160156,
  "v_w_norm_true": 984.7001763309571,
  "hjb_rmse": 11.117926548111228,
  "dtd_noise_floor": 0.1186219116980053
}