{
  "params": {
    "r": 0.02,
    "mu": 0.08,
    "sigma": 0.2,
    "gamma": 2.0,
    "rho": 0.08
  },
  "policy": {
    "pi": 0.75,
    "kappa": 0.06125
  },
  "train_cfg": {
    "seed": 0,
    "batch_size": 2048,
    "num_steps": 12000,
    "learning_rate": 0.002,
    "dt": 0.003968253968253968,
    "wealth_min": 0.3,
    "wealth_max": 3.0,
    "eval_points": 200,
    "beta": 0.5,
    "device": "cpu",
    "log_every": 100
  },
  "loss": "beta_dtd",
  "mae": 61.51750656018403,
  "rmse": 70.40782245956679,
  "mape": 0.245799385345974,
  "v_w_mae": 269.9338775199421,
  "v_w_norm": 524.6395263671875,
  "v_w_norm_true": 984.7001763309571,
  "hjb_rmse": 7.362862725084483,
  "dtd_noise_floor": 6.010544171295555
}