{
  "params": {
    "r": 0.02,
    "mu": 0.08,
    "sigma": 0.2,
    "gamma": 2.0,
    "rho": 0.08
  },
  "policy": {
    "pi": 0.75,
    "kappa": 0.06125
  },
  "train_cfg": {
    "seed": 0,
    "batch_size": 2048,
    "num_steps": 12000,
    "learning_rate": 0.002,
    "dt": 0.25,
    "wealth_min": 0.3,
    "wealth_max": 3.0,
    "eval_points": 200,
    "beta": 0.5,
    "device": "cpu",
    "log_every": 100
  },
  "loss": "dtd",
  "mae": 287.9516739895302,
  "rmse": 363.247849637107,
  "mape": 0.7409981090282574,
  "v_w_mae": 638.7390243008346,
  "v_w_norm": 2.393524169921875,
  "v_w_norm_true": 984.7001763309571,
  "hjb_rmse": 21.33666206038751,
  "dtd_noise_floor": 0.08386351324317166
}