{
  "params": {
    "r": 0.02,
    "mu": 0.08,
    "sigma": 0.2,
    "gamma": 2.0,
    "rho": 0.08
  },
  "policy": {
    "pi": 0.75,
    "kappa": 0.06125
  },
  "train_cfg": {
    "seed": 0,
    "batch_size": 2048,
    "num_steps": 12000,
    "learning_rate": 0.002,
    "dt": 0.003968253968253968,
    "wealth_min": 0.3,
    "wealth_max": 3.0,
    "eval_points": 200,
    "beta": 0.5,
    "device": "cpu",
    "log_every": 100
  },
  "loss": "dtd",
  "mae": 344.31033915304727,
  "rmse": 410.25710548511375,
  "mape": 0.9837434723830647,
  "v_w_mae": 641.0195210292486,
  "v_w_norm": 0.007358240894973278,
  "v_w_norm_true": 984.7001763309571,
  "hjb_rmse": 25.07007160316315,
  "dtd_noise_floor": 9.655941118678044e-09
}