{
  "params": {
    "r": 0.02,
    "mu": 0.08,
    "sigma": 0.05,
    "gamma": 2.0,
    "rho": 0.08
  },
  "policy": {
    "pi": 0.75,
    "kappa": 0.06125
  },
  "train_cfg": {
    "seed": 0,
    "batch_size": 2048,
    "num_steps": 12000,
    "learning_rate": 0.002,
    "dt": 0.003968253968253968,
    "wealth_min": 0.3,
    "wealth_max": 3.0,
    "eval_points": 200,
    "beta": 0.5,
    "device": "cpu",
    "log_every": 100
  },
  "loss": "dtd",
  "mae": 256.74236424296134,
  "rmse": 305.658694938717,
  "mape": 0.9876982254743959,
  "v_w_mae": 476.6657621593945,
  "v_w_norm": 0.20448735356330872,
  "v_w_norm_true": 732.4525030772962,
  "hjb_rmse": 25.172998676534682,
  "dtd_noise_floor": 6.900625193062442e-08
}