{
  "params": {
    "r": 0.02,
    "mu": 0.08,
    "sigma": 0.2,
    "gamma": 2.0,
    "rho": 0.08
  },
  "policy": {
    "pi": 0.75,
    "kappa": 0.06125
  },
  "train_cfg": {
    "seed": 0,
    "batch_size": 2048,
    "num_steps": 12000,
    "learning_rate": 0.002,
    "dt": 0.003968253968253968,
    "wealth_min": 0.3,
    "wealth_max": 3.0,
    "eval_points": 200,
    "beta": 0.25,
    "device": "cpu",
    "log_every": 100
  },
  "loss": "beta_dtd",
  "mae": 40.72101871401546,
  "rmse": 59.73048132142866,
  "mape": 0.11272551921068043,
  "v_w_mae": 245.41283910584,
  "v_w_norm": 574.395751953125,
  "v_w_norm_true": 984.7001763309571,
  "hjb_rmse": 7.339740171678489,
  "dtd_noise_floor": 6.9920594797483115
}