{
  "params": {
    "r": 0.02,
    "mu": 0.08,
    "sigma": 0.2,
    "gamma": 2.0,
    "rho": 0.08
  },
  "policy": {
    "pi": 0.75,
    "kappa": 0.06125
  },
  "train_cfg": {
    "seed": 1,
    "batch_size": 1024,
    "num_steps": 10000,
    "learning_rate": 0.002,
    "dt": 0.02,
    "wealth_min": 0.3,
    "wealth_max": 3.0,
    "eval_points": 200,
    "beta": 0.25,
    "device": "cpu",
    "log_every": 2500
  },
  "loss": "beta_dtd",
  "horizon": {
    "T": 1.0,
    "terminal_coef": 0.0
  },
  "mae": 0.3007433634355934,
  "rmse": 0.4010238521116368,
  "mape": 10326338779.409828
}