{
  "params": {
    "r": 0.02,
    "mu": 0.08,
    "sigma": 0.2,
    "gamma": 2.0,
    "rho": 0.08
  },
  "policy": {
    "pi": 0.75,
    "kappa": 0.06125
  },
  "train_cfg": {
    "seed": 0,
    "batch_size": 2048,
    "num_steps": 12000,
    "learning_rate": 0.002,
    "dt": 0.003968253968253968,
    "wealth_min": 0.3,
    "wealth_max": 3.0,
    "eval_points": 200,
    "beta": 0.75,
    "device": "cpu",
    "log_every": 100
  },
  "loss": "beta_dtd",
  "mae": 131.09702283416019,
  "rmse": 182.63352020752575,
  "mape": 0.40633560321219486,
  "v_w_mae": 548.0749128502221,
  "v_w_norm": 110.80935668945312,
  "v_w_norm_true": 984.7001763309571,
  "hjb_rmse": 8.279258542087215,
  "dtd_noise_floor": 0.5391180837256967
}