{
  "params": {
    "r": 0.02,
    "mu": 0.08,
    "sigma": 0.02,
    "gamma": 2.0,
    "rho": 0.08
  },
  "policy": {
    "pi": 0.75,
    "kappa": 0.06125
  },
  "train_cfg": {
    "seed": 0,
    "batch_size": 2048,
    "num_steps": 12000,
    "learning_rate": 0.002,
    "dt": 0.25,
    "wealth_min": 0.3,
    "wealth_max": 3.0,
    "eval_points": 200,
    "beta": 0.5,
    "device": "cpu",
    "log_every": 100
  },
  "loss": "td",
  "mae": 1.687022996872119,
  "rmse": 2.3231631319091717,
  "mape": 0.006809171421500711,
  "v_w_mae": 45.142274489926095,
  "v_w_norm": 682.4876098632812,
  "v_w_norm_true": 722.0938138314411,
  "hjb_rmse": 0.27096109543493524,
  "dtd_noise_floor": 4.911378532456461
}