{
  "params": {
    "r": 0.02,
    "mu": 0.08,
    "sigma": 0.0001,
    "gamma": 2.0,
    "rho": 0.08
  },
  "policy": {
    "pi": 0.75,
    "kappa": 0.06125
  },
  "train_cfg": {
    "seed": 2,
    "batch_size": 2048,
    "num_steps": 12000,
    "learning_rate": 0.002,
    "dt": 0.003968253968253968,
    "wealth_min": 0.3,
    "wealth_max": 3.0,
    "eval_points": 200,
    "beta": 0.5,
    "device": "cpu",
    "log_every": 3000
  },
  "loss": "td",
  "mae": 2.7727936432403415,
  "rmse": 11.787283073095258,
  "mape": 0.005645979118905338,
  "v_w_mae": 129.10723539643027,
  "v_w_norm": 542.8890991210938,
  "v_w_norm_true": 720.1539086702908,
  "hjb_rmse": 1.4601487193814393,
  "dtd_noise_floor": 1.5349935614974012e-06
}