{
  "params": {
    "r": 0.02,
    "mu": 0.08,
    "sigma": 0.1,
    "gamma": 2.0,
    "rho": 0.08
  },
  "policy": {
    "pi": 0.75,
    "kappa": 0.06125
  },
  "train_cfg": {
    "seed": 0,
    "batch_size": 2048,
    "num_steps": 12000,
    "learning_rate": 0.002,
    "dt": 0.003968253968253968,
    "wealth_min": 0.3,
    "wealth_max": 3.0,
    "eval_points": 200,
    "beta": 0.5,
    "device": "cpu",
    "log_every": 100
  },
  "loss": "td",
  "mae": 19.839745079972296,
  "rmse": 35.26280668168136,
  "mape": 0.06432829952812327,
  "v_w_mae": 262.2591982864644,
  "v_w_norm": 378.9287414550781,
  "v_w_norm_true": 772.0049382434704,
  "hjb_rmse": 3.085191625496242,
  "dtd_noise_floor": 1.196317186761993
}