{
  "params": {
    "r": 0.02,
    "mu": 0.08,
    "sigma": 0.1,
    "gamma": 2.0,
    "rho": 0.08
  },
  "policy": {
    "pi": 0.75,
    "kappa": 0.06125
  },
  "train_cfg": {
    "seed": 0,
    "batch_size": 2048,
    "num_steps": 12000,
    "learning_rate": 0.002,
    "dt": 0.003968253968253968,
    "wealth_min": 0.3,
    "wealth_max": 3.0,
    "eval_points": 200,
    "beta": 0.5,
    "device": "cpu",
    "log_every": 100
  },
  "loss": "dtd",
  "mae": 272.69840319448593,
  "rmse": 323.9581538637559,
  "mape": 0.999267178169359,
  "v_w_mae": 502.7880895930383,
  "v_w_norm": 1.9978156089782715,
  "v_w_norm_true": 772.0049382434704,
  "hjb_rmse": 25.288267869134394,
  "dtd_noise_floor": 8.137601350113021e-06
}