{
  "params": {
    "r": 0.02,
    "mu": 0.08,
    "sigma": 0.02,
    "gamma": 2.0,
    "rho": 0.08
  },
  "policy": {
    "pi": 0.75,
    "kappa": 0.06125
  },
  "train_cfg": {
    "seed": 0,
    "batch_size": 2048,
    "num_steps": 12000,
    "learning_rate": 0.002,
    "dt": 0.003968253968253968,
    "wealth_min": 0.3,
    "wealth_max": 3.0,
    "eval_points": 200,
    "beta": 0.5,
    "device": "cpu",
    "log_every": 100
  },
  "loss": "dtd",
  "mae": 256.9672971717507,
  "rmse": 304.0499145877035,
  "mape": 1.0142844670955318,
  "v_w_mae": 467.5226745895893,
  "v_w_norm": 3.4575304985046387,
  "v_w_norm_true": 722.0938138314411,
  "hjb_rmse": 25.386557257258485,
  "dtd_noise_floor": 2.550498687933163e-06
}