{
  "params": {
    "r": 0.02,
    "mu": 0.08,
    "sigma": 0.2,
    "gamma": 2.0,
    "rho": 0.08
  },
  "policy": {
    "pi": 0.75,
    "kappa": 0.06125
  },
  "train_cfg": {
    "seed": 0,
    "batch_size": 2048,
    "num_steps": 12000,
    "learning_rate": 0.002,
    "dt": 0.003968253968253968,
    "wealth_min": 0.3,
    "wealth_max": 3.0,
    "eval_points": 200,
    "beta": 0.75,
    "device": "cpu",
    "log_every": 100
  },
  "loss": "beta_dtd",
  "mae": 108.32048701184166,
  "rmse": 115.99467933418937,
  "mape": 0.5369521038111036,
  "v_w_mae": 327.4368744594808,
  "v_w_norm": 434.9322814941406,
  "v_w_norm_true": 984.7001763309571,
  "hjb_rmse": 10.882792481114445,
  "dtd_noise_floor": 4.147143134611559
}