{
  "params": {
    "r": 0.02,
    "mu": 0.08,
    "sigma": 0.001,
    "gamma": 2.0,
    "rho": 0.08
  },
  "policy": {
    "pi": 0.75,
    "kappa": 0.06125
  },
  "train_cfg": {
    "seed": 0,
    "batch_size": 2048,
    "num_steps": 12000,
    "learning_rate": 0.002,
    "dt": 0.003968253968253968,
    "wealth_min": 0.3,
    "wealth_max": 3.0,
    "eval_points": 200,
    "beta": 0.5,
    "device": "cpu",
    "log_every": 100
  },
  "loss": "dtd",
  "mae": 69.94993792050343,
  "rmse": 90.51139420037792,
  "mape": 0.2333862709172997,
  "v_w_mae": 215.15056483917985,
  "v_w_norm": 381.35406494140625,
  "v_w_norm_true": 720.1586971885167,
  "hjb_rmse": 7.775181873539845,
  "dtd_noise_floor": 7.122264174292213e-05
}