{
  "params": {
    "r": 0.02,
    "mu": 0.08,
    "sigma": 0.05,
    "gamma": 2.0,
    "rho": 0.08
  },
  "policy": {
    "pi": 0.75,
    "kappa": 0.06125
  },
  "train_cfg": {
    "seed": 0,
    "batch_size": 2048,
    "num_steps": 12000,
    "learning_rate": 0.002,
    "dt": 0.003968253968253968,
    "wealth_min": 0.3,
    "wealth_max": 3.0,
    "eval_points": 200,
    "beta": 0.5,
    "device": "cpu",
    "log_every": 100
  },
  "loss": "td",
  "mae": 14.709930622535547,
  "rmse": 19.567562096095052,
  "mape": 0.04935109765991323,
  "v_w_mae": 114.05137455460313,
  "v_w_norm": 628.2249145507812,
  "v_w_norm_true": 732.4525030772962,
  "hjb_rmse": 1.712029618491324,
  "dtd_noise_floor": 0.428469554927435
}