{
  "params": {
    "r": 0.02,
    "mu": 0.08,
    "sigma": 0.001,
    "gamma": 2.0,
    "rho": 0.08
  },
  "policy": {
    "pi": 0.75,
    "kappa": 0.06125
  },
  "train_cfg": {
    "seed": 0,
    "batch_size": 2048,
    "num_steps": 12000,
    "learning_rate": 0.002,
    "dt": 0.003968253968253968,
    "wealth_min": 0.3,
    "wealth_max": 3.0,
    "eval_points": 200,
    "beta": 0.5,
    "device": "cpu",
    "log_every": 100
  },
  "loss": "dtd",
  "mae": 84.98515843264543,
  "rmse": 101.16347151802451,
  "mape": 0.31699719294190226,
  "v_w_mae": 141.0815182071284,
  "v_w_norm": 517.4738159179688,
  "v_w_norm_true": 720.1586971885167,
  "hjb_rmse": 8.43178540697879,
  "dtd_noise_floor": 0.00010119515697210062
}