{
  "params": {
    "r": 0.02,
    "mu": 0.08,
    "sigma": 0.001,
    "gamma": 2.0,
    "rho": 0.08
  },
  "policy": {
    "pi": 0.75,
    "kappa": 0.06125
  },
  "train_cfg": {
    "seed": 0,
    "batch_size": 2048,
    "num_steps": 12000,
    "learning_rate": 0.002,
    "dt": 0.003968253968253968,
    "wealth_min": 0.3,
    "wealth_max": 3.0,
    "eval_points": 200,
    "beta": 0.5,
    "device": "cpu",
    "log_every": 100
  },
  "loss": "td",
  "mae": 2.3445980909903574,
  "rmse": 2.9879574927912107,
  "mape": 0.01108496669228917,
  "v_w_mae": 51.08283981901113,
  "v_w_norm": 721.85107421875,
  "v_w_norm_true": 720.1586971885167,
  "hjb_rmse": 0.30148919910005134,
  "dtd_noise_floor": 0.0002031224280854728
}