{
  "params": {
    "r": 0.02,
    "mu": 0.08,
    "sigma": 0.0001,
    "gamma": 2.0,
    "rho": 0.08
  },
  "policy": {
    "pi": 0.75,
    "kappa": 0.06125
  },
  "train_cfg": {
    "seed": 2,
    "batch_size": 2048,
    "num_steps": 12000,
    "learning_rate": 0.002,
    "dt": 0.003968253968253968,
    "wealth_min": 0.3,
    "wealth_max": 3.0,
    "eval_points": 200,
    "beta": 0.25,
    "device": "cpu",
    "log_every": 3000
  },
  "loss": "beta_dtd",
  "mae": 2.9293136573290632,
  "rmse": 11.988241843364563,
  "mape": 0.005910141585283406,
  "v_w_mae": 135.16724462253936,
  "v_w_norm": 542.2354125976562,
  "v_w_norm_true": 720.1539086702908,
  "hjb_rmse": 1.4794972313006913,
  "dtd_noise_floor": 1.5337580341372406e-06
}