{
  "params": {
    "r": 0.02,
    "mu": 0.08,
    "sigma": 0.2,
    "gamma": 2.0,
    "rho": 0.08
  },
  "policy": {
    "pi": 0.75,
    "kappa": 0.06125
  },
  "train_cfg": {
    "seed": 0,
    "batch_size": 2048,
    "num_steps": 1000,
    "learning_rate": 0.0003,
    "dt": 0.003968253968253968,
    "wealth_min": 0.7,
    "wealth_max": 1.5,
    "eval_points": 200,
    "beta": 0.01,
    "device": "cpu",
    "log_every": 100
  },
  "critic": "mlp",
  "loss": "beta_dtd",
  "mae": 5.302509632646355,
  "rmse": 6.078255230347163,
  "mape": 0.01838141508132021
}