{
  "params": {
    "r": 0.02,
    "mu": 0.08,
    "sigma": 0.2,
    "gamma": 2.0,
    "rho": 0.08
  },
  "policy": {
    "pi": 0.75,
    "kappa": 0.06125
  },
  "train_cfg": {
    "seed": 0,
    "batch_size": 2048,
    "num_steps": 12000,
    "learning_rate": 0.002,
    "dt": 0.003968253968253968,
    "wealth_min": 0.3,
    "wealth_max": 3.0,
    "eval_points": 200,
    "beta": 0.25,
    "device": "cpu",
    "log_every": 100
  },
  "loss": "beta_dtd",
  "mae": 79.82209823402792,
  "rmse": 132.08327124123159,
  "mape": 0.18589668369830037,
  "v_w_mae": 459.6190369885773,
  "v_w_norm": 221.03497314453125,
  "v_w_norm_true": 984.7001763309571,
  "hjb_rmse": 4.700219851407207,
  "dtd_noise_floor": 2.219191564837259
}