{
  "params": {
    "r": 0.02,
    "mu": 0.08,
    "sigma": 0.1,
    "gamma": 2.0,
    "rho": 0.08
  },
  "policy": {
    "pi": 0.75,
    "kappa": 0.06125
  },
  "train_cfg": {
    "seed": 0,
    "batch_size": 2048,
    "num_steps": 12000,
    "learning_rate": 0.002,
    "dt": 0.003968253968253968,
    "wealth_min": 0.3,
    "wealth_max": 3.0,
    "eval_points": 200,
    "beta": 0.5,
    "device": "cpu",
    "log_every": 100
  },
  "loss": "td",
  "mae": 19.88719375763279,
  "rmse": 30.84151437259209,
  "mape": 0.0582943750802651,
  "v_w_mae": 116.95572691597194,
  "v_w_norm": 580.372314453125,
  "v_w_norm_true": 772.0049382434704,
  "hjb_rmse": 2.7295815694874057,
  "dtd_noise_floor": 1.5378719344067908
}