{
  "params": {
    "r": 0.02,
    "mu": 0.08,
    "sigma": 0.001,
    "gamma": 2.0,
    "rho": 0.08
  },
  "policy": {
    "pi": 0.75,
    "kappa": 0.06125
  },
  "train_cfg": {
    "seed": 0,
    "batch_size": 2048,
    "num_steps": 12000,
    "learning_rate": 0.002,
    "dt": 1.0,
    "wealth_min": 0.3,
    "wealth_max": 3.0,
    "eval_points": 200,
    "beta": 0.5,
    "device": "cpu",
    "log_every": 100
  },
  "loss": "dtd",
  "mae": 78.31538673872429,
  "rmse": 102.16974319862166,
  "mape": 0.7160750662307119,
  "v_w_mae": 172.78985313883823,
  "v_w_norm": 667.960205078125,
  "v_w_norm_true": 720.1586971885167,
  "hjb_rmse": 7.900081987342285,
  "dtd_noise_floor": 0.04023134274645613
}