{
  "params": {
    "r": 0.02,
    "mu": 0.08,
    "sigma": 0.2,
    "gamma": 2.0,
    "rho": 0.08
  },
  "policy": {
    "pi": 0.75,
    "kappa": 0.06125
  },
  "train_cfg": {
    "seed": 0,
    "batch_size": 2048,
    "num_steps": 1000,
    "learning_rate": 0.0003,
    "dt": 0.003968253968253968,
    "wealth_min": 0.7,
    "wealth_max": 1.5,
    "eval_points": 200,
    "beta": 0.01,
    "device": "cpu",
    "log_every": 100
  },
  "loss": "beta_dtd",
  "mae": 241.0681584554308,
  "rmse": 248.097993849027,
  "mape": 0.8996878724528099,
  "v_w_mae": 279.3840685809784,
  "v_w_norm": 0.04245128855109215,
  "v_w_norm_true": 304.60038125167426,
  "hjb_rmse": 14.73154072850534,
  "dtd_noise_floor": 2.37986443975194e-07
}