{
  "params": {
    "r": 0.02,
    "mu": 0.08,
    "sigma": 0.2,
    "gamma": 2.0,
    "rho": 0.08
  },
  "policy": {
    "pi": 0.75,
    "kappa": 0.06125
  },
  "train_cfg": {
    "seed": 0,
    "batch_size": 2048,
    "num_steps": 12000,
    "learning_rate": 0.002,
    "dt": 0.003968253968253968,
    "wealth_min": 0.3,
    "wealth_max": 3.0,
    "eval_points": 200,
    "beta": 0.5,
    "device": "cpu",
    "log_every": 100
  },
  "loss": "td",
  "mae": 66.64401763912319,
  "rmse": 121.91673318194361,
  "mape": 0.1211388377245055,
  "v_w_mae": 450.60836813169277,
  "v_w_norm": 247.3034210205078,
  "v_w_norm_true": 984.7001763309571,
  "hjb_rmse": 5.692512786463446,
  "dtd_noise_floor": 3.1767226659894026
}