{
  "params": {
    "r": 0.02,
    "mu": 0.08,
    "sigma": 0.2,
    "gamma": 2.0,
    "rho": 0.08,
    "wealth": 1.0,
    "out": "results/closed_form_summary.json"
  },
  "optimal_policy": {
    "pi": 0.7499999999999998,
    "kappa": 0.06125
  },
  "value_coefficient": 266.5556018325698,
  "value_at_wealth": -266.5556018325698
}