{
  "params": {
    "r": 0.02,
    "mu": 0.08,
    "sigma": 0.001,
    "gamma": 2.0,
    "rho": 0.08
  },
  "policy": {
    "pi": 0.75,
    "kappa": 0.06125
  },
  "train_cfg": {
    "seed": 0,
    "batch_size": 2048,
    "num_steps": 12000,
    "learning_rate": 0.002,
    "dt": 1.0,
    "wealth_min": 0.3,
    "wealth_max": 3.0,
    "eval_points": 200,
    "beta": 0.5,
    "device": "cpu",
    "log_every": 100
  },
  "loss": "td",
  "mae": 213.1741418158241,
  "rmse": 268.4273638844086,
  "mape": 0.7510089475618623,
  "v_w_mae": 468.7954355791031,
  "v_w_norm": 0.1301487237215042,
  "v_w_norm_true": 720.1586971885167,
  "hjb_rmse": 22.603985143817187,
  "dtd_noise_floor": 4.592795968570505e-08
}