{
  "params": {
    "r": 0.02,
    "mu": 0.08,
    "sigma": 0.0001,
    "gamma": 2.0,
    "rho": 0.08
  },
  "policy": {
    "pi": 0.75,
    "kappa": 0.06125
  },
  "train_cfg": {
    "seed": 2,
    "batch_size": 2048,
    "num_steps": 12000,
    "learning_rate": 0.002,
    "dt": 0.003968253968253968,
    "wealth_min": 0.3,
    "wealth_max": 3.0,
    "eval_points": 200,
    "beta": 0.5,
    "device": "cpu",
    "log_every": 3000
  },
  "loss": "dtd",
  "mae": 127.24697352950207,
  "rmse": 138.57524269993277,
  "mape": 0.8775241428913577,
  "v_w_mae": 432.50011782902186,
  "v_w_norm": 575.1981201171875,
  "v_w_norm_true": 720.1539086702908,
  "hjb_rmse": 11.242174221564579,
  "dtd_noise_floor": 1.6843152755044398e-06
}